{"task": "impossible_task_refusal", "settings": {"model": "gpt-4o"}, "positive_label": "refusal_answer", "negative_label": "incorrect_answer", "positive_label_prob_means": {"first_firstshoes": 0.7973972445936302, "third_thirdshoes": 0.9510302845423353, "third_firstshoes": 0.8522705680706784, "first_thirdshoes": 0.9902847846207008}, "positive_label_prob_stds": {"first_firstshoes": 0.030361152821419105, "third_thirdshoes": 0.018847009050533065, "third_firstshoes": 0.03207293233573315, "first_thirdshoes": 0.006423357910207813}, "negative_label_prob_means": {"first_firstshoes": 0.20260275540636982, "third_thirdshoes": 0.04896971545766475, "third_firstshoes": 0.14772943192932164, "first_thirdshoes": 0.009715215379299157}, "negative_label_prob_stds": {"first_firstshoes": 0.0303596548672736, "third_thirdshoes": 0.018847143265139917, "third_firstshoes": 0.032073088859565994, "first_thirdshoes": 0.006422821658269709}}