{"task": "impossible_task_refusal", "settings": {"model": "gpt-4o"}, "positive_label": "refusal_answer", "negative_label": "incorrect_answer", "positive_label_prob_means": {"first_firstshoes": 0.7703881764992275, "third_thirdshoes": 0.9585149475749246, "third_firstshoes": 0.853862402851232, "first_thirdshoes": 0.9894634699259798}, "positive_label_prob_stds": {"first_firstshoes": 0.01035792118392583, "third_thirdshoes": 0.00561750912282043, "third_firstshoes": 0.009889025395348536, "first_thirdshoes": 0.0021559755567684817}, "negative_label_prob_means": {"first_firstshoes": 0.22961182350077242, "third_thirdshoes": 0.041485052425075344, "third_firstshoes": 0.146137597148768, "first_thirdshoes": 0.010536530074020148}, "negative_label_prob_stds": {"first_firstshoes": 0.010357516445868874, "third_thirdshoes": 0.00561756320811328, "third_firstshoes": 0.00988908424862199, "first_thirdshoes": 0.0021557669362214146}}