{"task": "impossible_task_refusal", "settings": {"model": "gpt-3.5-turbo"}, "positive_label": "refusal_answer", "negative_label": "incorrect_answer", "positive_label_prob_means": {"first_firstshoes": 0.398683727540882, "third_thirdshoes": 0.05470944037691126, "third_firstshoes": 0.05070655803778493, "first_thirdshoes": 0.337527018124859}, "positive_label_prob_stds": {"first_firstshoes": 0.02623613670676238, "third_thirdshoes": 0.011977873571166803, "third_firstshoes": 0.017782119948251244, "first_thirdshoes": 0.018625948324162173}, "negative_label_prob_means": {"first_firstshoes": 0.601316272459118, "third_thirdshoes": 0.9452905596230887, "third_firstshoes": 0.9492934419622151, "first_thirdshoes": 0.662472981875141}, "negative_label_prob_stds": {"first_firstshoes": 0.027285899007029966, "third_thirdshoes": 0.01207479660732689, "third_firstshoes": 0.01777721292065661, "first_thirdshoes": 0.018882195463541297}}