{"task": "impossible_task_refusal", "settings": {"model": "gpt-3.5-turbo"}, "positive_label": "refusal_answer", "negative_label": "incorrect_answer", "positive_label_prob_means": {"first_firstshoes": 0.2230660591018471, "third_thirdshoes": 0.16827575906988454, "third_firstshoes": 0.09764465116660224, "first_thirdshoes": 0.18502349152156003}, "positive_label_prob_stds": {"first_firstshoes": 0.01694430551432178, "third_thirdshoes": 0.017889841738018348, "third_firstshoes": 0.016256058855297306, "first_thirdshoes": 0.016102214371728263}, "negative_label_prob_means": {"first_firstshoes": 0.5574362684392277, "third_thirdshoes": 0.722572791979534, "third_firstshoes": 0.8257185854919987, "first_thirdshoes": 0.6942653759430425}, "negative_label_prob_stds": {"first_firstshoes": 0.020434340981361872, "third_thirdshoes": 0.01953062129228613, "third_firstshoes": 0.016800776437713487, "first_thirdshoes": 0.018636291862091595}}