{"task": "personalisation", "settings": {"model": "gpt-4o"}, "positive_label": "appropriate_answer", "negative_label": "inappropriate_answer", "positive_label_prob_means": {"third_thirdshoes": 0.8226716100800079, "third_firstshoes": 0.950819694983272}, "positive_label_prob_stds": {"third_thirdshoes": 0.011176737990184612, "third_firstshoes": 0.006225123202461801}, "negative_label_prob_means": {"third_thirdshoes": 0.17732838991999214, "third_firstshoes": 0.049180305016727925}, "negative_label_prob_stds": {"third_thirdshoes": 0.011176629863691575, "third_firstshoes": 0.006225097548767633}}