{"task": "personalisation", "settings": {"model": "claude-3-haiku-20240307"}, "positive_label": "appropriate_answer", "negative_label": "inappropriate_answer", "positive_label_prob_means": {"first_firstshoes": 0.46564885496183206, "third_thirdshoes": 0.27989821882951654, "third_firstshoes": 0.5318066157760815, "first_thirdshoes": 0.1628498727735369}, "positive_label_prob_stds": {"first_firstshoes": 0.04953254653015103, "third_thirdshoes": 0.0445805091578984, "third_firstshoes": 0.04954929943749962, "first_thirdshoes": 0.03666430017850313}, "negative_label_prob_means": {"first_firstshoes": 0.5343511450381679, "third_thirdshoes": 0.7201017811704835, "third_firstshoes": 0.4681933842239186, "first_thirdshoes": 0.8371501272264631}, "negative_label_prob_stds": {"first_firstshoes": 0.04953254653015103, "third_thirdshoes": 0.0445805091578984, "third_firstshoes": 0.049549299437499625, "first_thirdshoes": 0.03666430017850313}}