{"task": "personalisation", "settings": {"model": "gpt-3.5-turbo"}, "positive_label": "appropriate_answer", "negative_label": "inappropriate_answer", "positive_label_prob_means": {"first_firstshoes": 0.5234549682957066, "third_thirdshoes": 0.3650669535518058, "third_firstshoes": 0.48904533035574493, "first_thirdshoes": 0.44189362250239156}, "positive_label_prob_stds": {"first_firstshoes": 0.026076365636379585, "third_thirdshoes": 0.03889460148414871, "third_firstshoes": 0.045245561032405235, "first_thirdshoes": 0.025322927591986576}, "negative_label_prob_means": {"first_firstshoes": 0.4765450317042934, "third_thirdshoes": 0.6349330464481943, "third_firstshoes": 0.5109546696442551, "first_thirdshoes": 0.5581063774976084}, "negative_label_prob_stds": {"first_firstshoes": 0.02718331328466798, "third_thirdshoes": 0.039481991464898815, "third_firstshoes": 0.04510626319527724, "first_thirdshoes": 0.029168983767778347}}