{"task": "personalisation", "settings": {"model": "gpt-4o"}, "positive_label": "appropriate_answer", "negative_label": "inappropriate_answer", "positive_label_prob_means": {"first_firstshoes": 0.9246613617171354, "third_thirdshoes": 0.8497833159396712, "third_firstshoes": 0.9735184273364286, "first_thirdshoes": 0.8507653672608482}, "positive_label_prob_stds": {"first_firstshoes": 0.021627964627447007, "third_thirdshoes": 0.03301391676486298, "third_firstshoes": 0.014706319623341093, "first_thirdshoes": 0.02973794684469344}, "negative_label_prob_means": {"first_firstshoes": 0.0753386382828645, "third_thirdshoes": 0.1502166840603289, "third_firstshoes": 0.026481572663571557, "first_thirdshoes": 0.14923463273915186}, "negative_label_prob_stds": {"first_firstshoes": 0.021614873718592584, "third_thirdshoes": 0.03301339195527449, "third_firstshoes": 0.01470638421486193, "first_thirdshoes": 0.02972724518401373}}