{"task": "personalisation", "settings": {"model": "gpt-3.5-turbo"}, "positive_label": "appropriate_answer", "negative_label": "inappropriate_answer", "positive_label_prob_means": {"first_firstshoes": 0.15221670427321243, "third_thirdshoes": 0.24884302716739792, "third_firstshoes": 0.3170111588351612, "first_thirdshoes": 0.21144720855130342}, "positive_label_prob_stds": {"first_firstshoes": 0.014813738329445469, "third_thirdshoes": 0.024484564981774135, "third_firstshoes": 0.023641553426458448, "first_thirdshoes": 0.026672376609614693}, "negative_label_prob_means": {"first_firstshoes": 0.31091057706014746, "third_thirdshoes": 0.37247613251886025, "third_firstshoes": 0.3296163113657337, "first_thirdshoes": 0.624682099103393}, "negative_label_prob_stds": {"first_firstshoes": 0.024721474858069952, "third_thirdshoes": 0.034472669602031256, "third_firstshoes": 0.028923971571101128, "first_thirdshoes": 0.031087187158157007}}