{"task": "verbosity", "settings": {"model": "gpt-3.5-turbo"}, "positive_label": "normal_answer", "negative_label": "short_answer", "positive_label_prob_means": {"first_firstshoes": 0.6660939130215117, "third_thirdshoes": 0.5103122569181784, "third_firstshoes": 0.4991042530294923, "first_thirdshoes": 0.8861416756266361}, "positive_label_prob_stds": {"first_firstshoes": 0.023440916396955617, "third_thirdshoes": 0.031441972618502005, "third_firstshoes": 0.027512838481547734, "first_thirdshoes": 0.009535546561108096}, "negative_label_prob_means": {"first_firstshoes": 0.04986982545779216, "third_thirdshoes": 0.12468183967040666, "third_firstshoes": 0.10105030786893651, "first_thirdshoes": 0.025538375835785842}, "negative_label_prob_stds": {"first_firstshoes": 0.0057786371450611225, "third_thirdshoes": 0.013860330574729875, "third_firstshoes": 0.012177797127198459, "first_thirdshoes": 0.004905571985129038}}