{"task": "verbosity", "settings": {"model": "gpt-3.5-turbo"}, "positive_label": "normal_answer", "negative_label": "short_answer", "positive_label_prob_means": {"first_firstshoes": 0.5360304383741058, "third_thirdshoes": 0.8726437053782475, "third_firstshoes": 0.7069770475356408, "first_thirdshoes": 0.5416723223528191}, "positive_label_prob_stds": {"first_firstshoes": 0.023325069598801866, "third_thirdshoes": 0.02755189554239467, "third_firstshoes": 0.04589203383142209, "first_thirdshoes": 0.028354804522175057}, "negative_label_prob_means": {"first_firstshoes": 0.4639695616258943, "third_thirdshoes": 0.12735629462175233, "third_firstshoes": 0.2930229524643591, "first_thirdshoes": 0.45832767764718085}, "negative_label_prob_stds": {"first_firstshoes": 0.01605873011196558, "third_thirdshoes": 0.0264043058194612, "third_firstshoes": 0.046063804620442204, "first_thirdshoes": 0.022163112888552543}}