{"task": "verbosity", "settings": {"model": "gpt-4o"}, "positive_label": "normal_answer", "negative_label": "short_answer", "positive_label_prob_means": {"first_firstshoes": 0.03031634140764218, "third_thirdshoes": 0.44841226891586417, "third_firstshoes": 0.28481446994825643, "first_thirdshoes": 0.08252466749562204}, "positive_label_prob_stds": {"first_firstshoes": 0.013340056061253887, "third_thirdshoes": 0.05309621652472318, "third_firstshoes": 0.04848949076883156, "first_thirdshoes": 0.025464635298596498}, "negative_label_prob_means": {"first_firstshoes": 0.9696836585923577, "third_thirdshoes": 0.5515877310841358, "third_firstshoes": 0.7151855300517437, "first_thirdshoes": 0.9174753325043781}, "negative_label_prob_stds": {"first_firstshoes": 0.013340665868681533, "third_thirdshoes": 0.05309609410970244, "third_firstshoes": 0.048489607427805614, "first_thirdshoes": 0.025466070900506347}}