{"task": "verbosity", "settings": {"model": "gpt-4o"}, "positive_label": "normal_answer", "negative_label": "short_answer", "positive_label_prob_means": {"third_thirdshoes": 0.48366993123280133, "third_firstshoes": 0.26182887396207744}, "positive_label_prob_stds": {"third_thirdshoes": 0.014570323746257247, "third_firstshoes": 0.012770311669593108}, "negative_label_prob_means": {"third_thirdshoes": 0.5163300687671987, "third_firstshoes": 0.7381711260379227}, "negative_label_prob_stds": {"third_thirdshoes": 0.014570226121038466, "third_firstshoes": 0.012770373183337081}}