{"task": "verbosity", "settings": {"model": "claude-3-haiku-20240307"}, "positive_label": "normal_answer", "negative_label": "short_answer", "positive_label_prob_means": {"first_firstshoes": 0.6079734219269103, "third_thirdshoes": 0.9302325581395349, "third_firstshoes": 0.8504983388704319, "first_thirdshoes": 0.7940199335548173}, "positive_label_prob_stds": {"first_firstshoes": 0.055468077776549884, "third_thirdshoes": 0.028944445255293307, "third_firstshoes": 0.04051378386479439, "first_thirdshoes": 0.0459485025649708}, "negative_label_prob_means": {"first_firstshoes": 0.3920265780730897, "third_thirdshoes": 0.06976744186046512, "third_firstshoes": 0.14950166112956811, "first_thirdshoes": 0.2059800664451827}, "negative_label_prob_stds": {"first_firstshoes": 0.055468077776549884, "third_thirdshoes": 0.028944445255293307, "third_firstshoes": 0.04051378386479439, "first_thirdshoes": 0.0459485025649708}}